,CustomerId,CreditScore,Age,Tenure,Balance,NumOfProducts,HasCrCard,IsActiveMember,EstimatedSalary,Exited
count,9998.0,9998.0,9998.0,9998.0,9998.0,9998.0,9998.0,9998.0,9998.0,9998.0
mean,15690950.568213644,650.5362072414483,38.92128425685137,5.013502700540108,76492.80706341229,1.5303060612122426,0.7055411082216443,0.51500300060012,100088.86850870153,0.2036407281456291
std,71939.85083186925,96.66151599214658,10.488789705388974,2.8920281571245674,62398.91426640408,0.5816641868923619,0.4558219327223667,0.4997998549014327,57516.10907321312,0.4027249731153571
min,15565701.0,350.0,18.0,0.0,0.0,1.0,0.0,0.0,11.58,0.0
25%,15628524.75,584.0,32.0,3.0,0.0,1.0,0.0,0.0,50983.75,0.0
50%,15690743.5,652.0,37.0,5.0,97221.52,1.0,1.0,1.0,100185.23999999999,0.0
75%,15753243.25,718.0,44.0,7.0,127647.84,2.0,1.0,1.0,149395.8825,0.0
max,15815690.0,850.0,92.0,10.0,250898.09,4.0,1.0,1.0,199992.48,1.0
